Municipio,Itinerario
ABADIA DE GOIAS,GO 0005
ABADIA DOS DOURADOS,MG 0010
ABAIRA,BA 0010
ABATIA,PR 0010
ABDON BATISTA,SC 0005
ABREU E LIMA,PE 0005
ACAILANDIA,MA 0005
ACARAPE,CE 0015
ACORIZAL,MT 0010
ADAMANTINA,SP 0010
AGRONOMICA,SC 0030
ALAGOINHAS,BA 0070
ALDEIAS ALTAS,MA 0030
ALEGRETE,RS 0040
ALEXANIA,GO 0030
ALFENAS,MG 0160
ALHANDRA,PB 0060
ALMIRANTE TAMANDARE,PR 0040
ALTA FLORESTA D`OESTE,RO 0001
ALTO ARAGUAIA,MT 0030
ALTO BELA VISTA,SC 0075
ALTO FELIZ,RS 0057
ALTO PARANA,PR 0060
ALTONIA,PR 0050
ALUMINIO,SP 0115
ALVINOPOLIS,MG 0230
ALVORADA,RS 0060
AMELIA RODRIGUES,BA 0110
AMERICANA,SP 0160
AMERICO BRASILIENSE,SP 0170
AMPARO (SP),SP 0190
AMPARO (PB),PB 0073
AMPARO DE SAO FRANCISCO,SE 0010
AMPERE,PR 0100
ANALANDIA,SP 0200
ANANINDEUA,PA 0080
ANAPOLIS,GO 0110
ANDRADAS,MG 0260
ANGRA DOS REIS,RJ 0010
ANICUNS,GO 0130
ANTONIO CARLOS,SC 0120
APARECIDA DE GOIANIA,GO 0140
APARECIDA DO TABOADO,MS 0100
APIUNA,SC 0125
APUCARANA,PR 0140
AQUIRAZ,CE 0100
ARACAJU,SE 0030
ARACARIGUAMA,SP 0275
ARACATI,CE 0110
ARACATU,BA 0200
ARACATUBA,SP 0280
ARACOIABA DA SERRA,SP 0290
ARACRUZ,ES 0060
ARAGOIANIA,GO 0180
ARAGUAINA,TO 0210
ARAGUARI,MG 0350
ARAPIRACA,AL 0030
ARAPONGAS,PR 0150
ARAPORA,MG 0375
ARAQUARI,SC 0130
ARARANGUA,SC 0140
ARARAQUARA,SP 0320
ARARAS,SP 0330
ARARUAMA,RJ 0020
ARAUCARIA,PR 0180
ARAXA,MG 0400
ARCEBURGO,MG 0410
ARCOVERDE,PE 0120
AREAL,RJ 0022
ARES,RN 0120
ARIRANHA,SP 0370
ARROIO DO MEIO,RS 0100
ARTUR NOGUEIRA,SP 0380
ARUJA,SP 0390
ASSIS,SP 0400
ASTORGA,PR 0210
ATIBAIA,SP 0410
AVAI,SP 0430
AVARE,SP 0450
BADY BASSITT,SP 0460
BAGE,RS 0160
BAIA FORMOSA,RN 0140
BALNEARIO CAMBORIU,SC 0200
BALSA NOVA,PR 0230
BANDEIRANTES,PR 0240
BARBACENA,MG 0560
BARBOSA FERRAZ,PR 0250
BARIRI,SP 0520
BARRA BONITA,SP 0530
BARRA DO BUGRES,MT 0170
BARRA DO PIRAI,RJ 0030
BARRA DO RIBEIRO,RS 0190
BARRA MANSA,RJ 0040
BARREIRAS,BA 0320
BARRETOS,SP 0550
BARRINHA,SP 0560
BARROQUINHA,CE 0205
BARUERI,SP 0570
BASTOS,SP 0580
BAURU,SP 0600
BAYEUX,PB 0180
BEBEDOURO,SP 0610
BELEM,PA 0140
BELFORD ROXO,RJ 0045
BELO HORIZONTE,MG 0620
BELO JARDIM,PE 0170
BELO ORIENTE,MG 0630
BENEVIDES,PA 0150
BENTO GONCALVES,RS 0210
BERNARDINO DE CAMPOS,SP 0630
BETIM,MG 0670
BEZERROS,PE 0190
BIGUACU,SC 0230
BIRIGUI,SP 0650
BLUMENAU,SC 0240
BOA ESPERANCA,ES 0100
BOCA DA MATA,AL 0100
BOCAINA,SP 0680
BOFETE,SP 0690
BOITUVA,SP 0700
BOM DESPACHO,MG 0740
BOM JARDIM,RJ 0050
BOM JESUS,RS 0230
BOM JESUS DOS PERDOES,SP 0710
BOM PRINCIPIO,RS 0235
BOM RETIRO (SC),SC 0260
BOM RETIRO (RS),RS 0240
BOM SUCESSO,PR 0320
BOTUCATU,SP 0750
BOTUVERA,SC 0270
BRACO DO NORTE,SC 0280
BRACO DO TROMBUDO,SC 0285
BRAGANCA PAULISTA,SP 0760
BRASILANDIA,MS 0230
BRASILIA DE MINAS,MG 0860
BRASOPOLIS,MG 0890
BRODOSQUI,SP 0780
BROTAS,SP 0790
BRUMADO,BA 0460
BRUSQUE,SC 0290
CAAPORA,PB 0300
CABEDELO,PB 0320
CABO DE SANTO AGOSTINHO,PE 0290
CABO FRIO,RJ 0070
CABREUVA,SP 0840
CACADOR,SC 0300
CACAPAVA,SP 0850
CACHOEIRAS DE MACACU,RJ 0080
CACHOEIRINHA (RS),RS 0310
CACHOEIRINHA (PE),PE 0310
CACHOEIRO DO ITAPEMIRIM,ES 0120
CAETE,MG 1000
CAETITE,BA 0520
CAFELANDIA,SP 0880
CAIEIRAS,SP 0900
CAJAMAR,SP 0920
CAJATI,SP 0925
CAJOBI,SP 0930
CAJURU,SP 0940
CAMACARI,BA 0570
CAMAQUA,RS 0350
CAMARAGIBE,PE 0345
CAMBARA,PR 0360
CAMBE,PR 0370
CAMBIRA,PR 0380
CAMBORIU,SC 0320
CAMPESTRE DO MARANHA,MA 0255
CAMPINA GRANDE,PB 0400
CAMPINA GRANDE DO SUL,PR 0400
CAMPINAS,SP 0950
CAMPO ALEGRE,AL 0140
CAMPO BOM,RS 0390
CAMPO ERE,SC 0350
CAMPO FLORIDO,MG 1140
CAMPO GRANDE,MS 0270
CAMPO LARGO,PR 0420
CAMPO LIMPO PAULISTA,SP 0960
CAMPO MAIOR,PI 0220
CAMPO MOURAO,PR 0430
CAMPO NOVO DO PARECIS,MT 0263
CAMPO VERDE,MT 0267
CAMPOS DOS GOYTACAZES,RJ 0100
CAMPOS GERAIS,MG 1160
CAMPOS NOVOS,SC 0360
CAMUTANGA,PE 0360
CANAPOLIS,MG 1180
CANDEIAS,BA 0650
CANDIDO DE ABREU,PR 0440
CANOAS,RS 0460
CAPELA DE SANTANA,RS 0468
CAPELA DO ALTO,SP 1030
CAPINOPOLIS,MG 1260
CAPIVARI,SP 1040
CAPIVARI DE BAIXO,SC 0395
CARACOL,MS 0280
CARAPICUIBA,SP 1060
CARATINGA,MG 1340
CARAZINHO,RS 0470
CARIACICA,ES 0130
CARLOS BARBOSA,RS 0480
CARMO DO CAJURU,MG 1420
CARMO DO RIO CLARO,MG 1440
CARMO DO RIO VERDE,GO 0500
CARMOPOLIS,SE 0150
CARPINA,PE 0400
CARUARU,PE 0410
CASA BRANCA,SP 1080
CASCAVEL (CE),CE 0350
CASCAVEL (PR),PR 0480
CATANDUVA,SP 1110
CATARINA,CE 0360
CATURAI,GO 0520
CAUCAIA,CE 0370
CAXAMBU,MG 1550
CAXIAS,MA 0300
CAXIAS DO SUL,RS 0510
CERQUILHO,SP 1150
CESARIO LANGE,SP 1160
CHAPECO,SC 0420
CHARQUEADA,SP 1170
CIANORTE,PR 0550
CIDADE OCIDENTAL,GO 0549
CLEMENTINA,SP 1190
CLEVELANDIA,PR 0570
COCAL DO SUL,SC 0425
CODO,MA 0330
COELHO NETO,MA 0340
COLATINA,ES 0150
COLINA,SP 1200
COLINAS,RS 0558
COLOMBIA,SP 1210
COLOMBO,PR 0580
COLORADO,PR 0590
COMENDADOR GOMES,MG 1690
CONCEICAO DA BARRA,ES 0160
CONCEICAO DAS ALAGOAS,MG 1730
CONCEICAO DO COITE,BA 0840
CONCEICAO DO JACUIPE,BA 0850
CONCEICAO DOS OUROS,MG 1780
CONCHAL,SP 1220
CONCORDIA,SC 0430
CONFINS,MG 1787
CONGONHAL,MG 1790
CONTAGEM,MG 1860
CONTENDA,PR 0620
CORACAO DE MARIA,BA 0890
CORDEIROPOLIS,SP 1240
CORNELIO PROCOPIO,PR 0640
COROADOS,SP 1250
CORONEL FABRICIANO,MG 1940
CORUPA,SC 0450
COSMOPOLIS,SP 1280
COTIA,SP 1300
CRAVINHOS,SP 1310
CRICIUMA,SC 0460
CRUZ ALTA,RS 0610
CRUZEIRO,SP 1340
CRUZEIRO DO SUL,RS 0620
CUBATAO,SP 1350
CUIABA,MT 0340
CURITIBA,PR 0690
CURRAIS NOVOS,RN 0310
CURRALINHOS,PI 0325
CURURIPE,AL 0230
DELTA,MG 2125
DESCALVADO,SP 1370
DESCANSO,SC 0490
DIADEMA,SP 1380
DIAS D`AVILA,BA 1005
DIVINOPOLIS,MG 2230
DOIS CORREGOS,SP 1410
DOIS IRMAOS,RS 0640
DOIS VIZINHOS,PR 0720
DOMINGOS MARTINS,ES 0190
DOURADOS,MS 0370
DRACENA,SP 1440
DUQUE DE CAXIAS,RJ 0170
EDEIA,GO 0740
ELDORADO DO SUL,RS 0676
ELIAS FAUSTO,SP 1490
EMBU,SP 1500
EMBU GUACU,SP 1510
ENCANTADO,RS 0680
ENGENHEIRO BELTRAO,PR 0750
ERECHIM,RS 0700
ESCADA,PE 0520
ESPERANTINA,PI 0370
ESTANCIA VELHA,RS 0760
ESTEIO,RS 0770
ESTIVA,MG 2450
ESTIVA GERBI,SP 5730
ESTRELA,RS 0780
EUCLIDES DA CUNHA,BA 1070
EUNAPOLIS,BA 1072
EUSEBIO,CE 0428
EXTREMA,MG 2510
FARROUPILHA,RS 0790
FAZENDA RIO GRANDE,PR 0765
FEIRA DE SANTANA,BA 1080
FELIZ,RS 0810
FERNANDOPOLIS,SP 1550
FERRAZ DE VASCONCELOS,SP 1570
FLORES DA CUNHA,RS 0820
FLORIANOPOLIS,SC 0540
FORMOSA,GO 0800
FORTALEZA,CE 0440
FOZ DO IGUACU,PR 0830
FRANCA,SP 1620
FRANCISCO BELTRAO,PR 0840
FRANCISCO MORATO,SP 1630
FRANCO DA ROCHA,SP 1640
FRUTAL,MG 2710
GANDU,BA 1120
GARANHUNS,PE 0600
GARCA,SP 1670
GARIBALDI,RS 0860
GARUVA,SC 0580
GASPAR,SC 0590
GAVIAO PEIXOTO,SP 1685
GEMINIANO,PI 0435
GENERAL SALGADO,SP 1690
GENERAL SAMPAIO,CE 0460
GETULINA,SP 1700
GETULIO VARGAS,RS 0890
GIRUA,RS 0900
GOIANA,PE 0620
GOIANESIA,GO 0860
GOIANIA,GO 0870
GOIANIRA,GO 0880
GOIATUBA,GO 0910
GOVERNADOR CELSO RAMOS,SC 0600
GOVERNADOR VALADARES,MG 2770
GRAMADO,RS 0910
GRANJA,CE 0470
GRAVATA,PE 0640
GRAVATAI,RS 0920
GUABIJU,RS 0925
GUAIBA,RS 0930
GUAIRA,SP 1740
GUAPORE,RS 0940
GUARACAI,SP 1780
GUARAMIRIM,SC 0650
GUARANI,MG 2840
GUARANI DAS MISSOES,RS 0950
GUARANIACU,PR 0930
GUARAPUAVA,PR 0940
GUARARAPES,SP 1820
GUARAREMA,SP 1830
GUARATINGUETA,SP 1840
GUARIBA,SP 1860
GUARUJA,SP 1870
GUARULHOS,SP 1880
GUAXUPE,MG 2870
GURUPI,TO 0950
HARMONIA,RS 0955
HIDROLANDIA,GO 0970
HOLAMBRA,SP 1905
HORIZONTE,CE 0523
HORIZONTINA,RS 0960
HORTOLANDIA,SP 1907
IBAITI,PR 0970
IBATE,SP 1930
IBIPORA,PR 0980
IBIRITE,MG 2980
IBIUNA,SP 1970
ICARA,SC 0700
IGARAPAVA,SP 2010
IGARAPE,MG 3010
IGARASSU,PE 0680
IGRAPIUNA,BA 1345
IGREJA NOVA,AL 0320
IGREJINHA,RS 1010
IJUI,RS 1020
ILHEUS,BA 1360
IMBITUBA,SC 0730
IMIGRANTE,RS 1036
IMPERATRIZ,MA 0530
INDAIAL,SC 0750
INDAIATUBA,SP 2050
IPAMERI,GO 1010
IPATINGA,MG 3130
IPAUCU,SP 2090
IPAUMIRIM,CE 0570
IPERO,SP 2100
IPEUNA,SP 2110
IPIRANGA,PR 1050
IPOJUCA,PE 0720
IPORA,PR 1060
IRACEMAPOLIS,SP 2140
IRAQUARA,BA 1440
IRETAMA,PR 1080
ITA,SC 0800
ITABORAI,RJ 0190
ITABUNA,BA 1480
ITACOATIARA,AM 0190
ITAGUAI,RJ 0200
ITAI,SP 2180
ITAITINGA,CE 0625
ITAITUBA,PA 0360
ITAJAI,SC 0820
ITAJUBA,MG 3240
ITAPACI,GO 1090
ITAPECERICA DA SERRA,SP 2220
ITAPEMA,SC 0830
ITAPEMIRIM,ES 0280
ITAPERUCU,PR 1125
ITAPETINGA,BA 1640
ITAPETININGA,SP 2230
ITAPEVA (MG),MG 3360
ITAPEVA (SP),SP 2240
ITAPEVI,SP 2250
ITAPIRA,SP 2260
ITAPISSUMA,PE 0775
ITAPOLIS,SP 2270
ITAPURA,SP 2300
ITAQUAQUECETUBA,SP 2310
ITAQUI,RS 1060
ITARARE,SP 2320
ITAREMA,CE 0655
ITATIAIA,RJ 0225
ITATIAIUCU,MG 3370
ITATIBA,SP 2340
ITAUNA,MG 3380
ITIRAPINA,SP 2360
ITU,SP 2390
ITUIUTABA,MG 3420
ITUMBIARA,GO 1150
ITUPEVA,SP 2400
ITURAMA,MG 3440
ITUVERAVA,SP 2410
IVATE,PR 1155
IVOTI,RS 1080
JABOATAO DOS GUARARAPES,PE 0790
JABOTICABAL,SP 2430
JACARE DOS HOMENS,AL 0340
JACAREI,SP 2440
JACAREZINHO,PR 1180
JACI,SP 2450
JACINTO MACHADO,SC 0870
JACUTINGA,MG 3490
JAGUAPITA,PR 1190
JAGUARARI,BA 1770
JAGUARIAIVA,PR 1200
JAGUARIUNA,SP 2470
JAGUARUNA,SC 0880
JAMBEIRO,SP 2490
JANDAIA DO SUL,PR 1210
JANDIRA,SP 2500
JAPARATUBA,SE 0330
JAPERI,RJ 0227
JAPOATA,SE 0340
JARAGUA DO SUL,SC 0890
JARDIM ALEGRE,PR 1250
JARDINOPOLIS (SP),SP 2510
JARDINOPOLIS (SC),SC 0895
JARINU,SP 2520
JATAI,GO 1190
JAU,SP 2530
JEQUIA DA PRAIA,AL 0375
JEQUIE,BA 1800
JOACABA,SC 0900
JOAO MONLEVADE,MG 3620
JOAO PESSOA,PB 0750
JOAO PINHEIRO,MG 3630
JOAQUIM NABUCO,PE 0820
JOINVILLE,SC 0910
JUAZEIRO,BA 1840
JUAZEIRO DO NORTE,CE 0730
JUIZ DE FORA,MG 3670
JUNDIAI,SP 2590
JUQUITIBA,SP 2620
LAGARTO,SE 0350
LAGES,SC 0930
LAGOA DA PRATA,MG 3720
LAGOA DO ITAENGA,PE 0850
LAGOA SANTA,MG 3760
LAGOA VERMELHA,RS 1130
LAJE,BA 1880
LAJEADO,RS 1140
LAMBARI D`OESTE,MT 0523
LARANJA DA TERRA,ES 0316
LARANJAL PAULISTA,SP 2640
LARANJEIRAS,SE 0360
LAURO DE FREITAS,BA 1920
LAURO MULLER,SC 0960
LEME,SP 2670
LENCOIS PAULISTA,SP 2680
LIMEIRA,SP 2690
LIMEIRA DO OESTE,MG 3862
LINHARES,ES 0320
LINS,SP 2710
LOANDA,PR 1350
LONDRINA,PR 1370
LORENA,SP 2720
LOUVEIRA,SP 2730
LUCAS DO RIO VERDE,MT 0525
LUCELIA,SP 2740
LUIS ANTONIO,SP 2760
LUZIANIA,GO 1250
MACAE,RJ 0240
MACAIBA,RN 0710
MACEIO,AL 0430
MADRE DE DEUS,BA 1992
MAFRA,SC 1010
MAGE,RJ 0250
MAIRINQUE,SP 2840
MAIRIPORA,SP 2850
MAMANGUAPE,PB 0890
MANAUS,AM 0260
MANDAGUACU,PR 1410
MANDAGUARI,PR 1420
MANDIRITUBA,PR 1430
MARABA,PA 0420
MARACAJA,SC 1040
MARACAJU,MS 0540
MARACANAU,CE 0765
MARAGOGIPE,BA 2060
MARAIAL,PE 0920
MARANGUAPE,CE 0770
MARAPOAMA,SP 2885
MARAU,RS 1180
MARECHAL CANDIDO RONDON,PR 1460
MARECHAL DEODORO,AL 0470
MARIALVA,PR 1480
MARICA,RJ 0270
MARILIA,SP 2900
MARINGA,PR 1520
MARMELEIRO,PR 1540
MARZAGAO,GO 1290
MASSARANDUBA,SC 1060
MATAO,SP 2930
MATELANDIA,PR 1560
MATEUS LEME,MG 4070
MATOZINHOS,MG 4110
MAUA,SP 2940
MAUA DA SERRA,PR 1575
MEDEIROS NETO,BA 2110
MESQUITA,RJ 0285
MIRAI,MG 4220
MIRASSOL,SP 3030
MOCOCA,SP 3050
MOGI DAS CRUZES,SP 3060
MOGI MIRIM,SP 3080
MOMBUCA,SP 3090
MONTE ALTO,SP 3130
MONTE APRAZIVEL,SP 3140
MONTE BELO DO SUL,RS 1238
MONTE MOR,SP 3180
MONTENEGRO,RS 1240
MONTES CLAROS,MG 4330
MONTEVIDEO - URUGUAI,EX-UY 001
MORADA NOVA,CE 0870
MORRO DA FUMACA,SC 1120
MORRO DO CHAPEU,BA 2170
MORRO REUTER,RS 1247
MORUNGABA,SP 3200
MOSSORO,RN 0800
MURICI,AL 0550
NARANDIBA,SP 3220
NATAL,RN 0810
NAVEGANTES,SC 1130
NAVIRAI,MS 0570
NAZARE DA MATA,PE 0950
NAZARE PAULISTA,SP 3240
NAZARIO,GO 1440
NEROPOLIS,GO 1450
NILOPOLIS,RJ 0320
NITEROI,RJ 0330
NOSSA SENHORA DAS DORES,SE 0460
NOSSA SENHORA DO SOCORRO,SE 0480
NOVA ANDRADINA,MS 0620
NOVA ESPERANCA,PR 1690
NOVA EUROPA,SP 3290
NOVA FRIBURGO,RJ 0340
NOVA HARTZ,RS 1306
NOVA IGUACU,RJ 0350
NOVA LIMA,MG 4480
NOVA MARILANDIA,MT 0885
NOVA MUTUM,MT 0622
NOVA ODESSA,SP 3340
NOVA OLIMPIA,MT 0623
NOVA PETROPOLIS,RS 1320
NOVA PRATA,RS 1330
NOVA ROMA DO SUL,RS 1335
NOVA RUSSAS,CE 0930
NOVA SANTA BARBARA,PR 1721
NOVA SANTA RITA,RS 1337
NOVA SERRANA,MG 4520
NOVA TRENTO,SC 1150
NOVA VENEZA,SC 1160
NOVO HAMBURGO,RS 1340
NOVO HORIZONTE,SP 3350
NOVO LINO,AL 0560
OLIMPIA,SP 3390
OLINDA,PE 0960
ORLANDIA,SP 3430
OSASCO,SP 3440
OSORIO,RS 1350
OSVALDO CRUZ,SP 3460
OURINHOS,SP 3470
OURO,SC 1180
OURO FINO,MG 4600
OURO PRETO,MG 4610
PACATUBA,CE 0970
PALHOCA,SC 1190
PALMAS,TO 2100
PALMEIRA,PR 1770
PALMITAL,SP 3530
PANAMBI,RS 1390
PARA DE MINAS,MG 4710
PARACATU,MG 4700
PARAGUACU PAULISTA,SP 3550
PARAI,RS 1400
PARAISO,SP 3570
PARAISO DO TOCANTINS,TO 1610
PARANACITY,PR 1810
PARANAGUA,PR 1820
PARANAVAI,PR 1840
PARDINHO,SP 3610
PARNAIBA,PI 0770
PARNAMIRIM,RN 0325
PAROBE,RS 1405
PASSO FUNDO,RS 1410
PATO BRANCO,PR 1850
PATOS,PB 1080
PATOS DE MINAS,MG 4800
PATROCINIO,MG 4810
PAULINIA,SP 3650
PAULISTA,PE 1070
PAULO DE FARIA,SP 3660
PEDERNEIRAS,SP 3670
PEDRAS DE FOGO,PB 1120
PEDREIRA,SP 3710
PEDRO CANARIO,ES 0405
PEDRO LEOPOLDO,MG 4930
PELOTAS,RS 1440
PENAPOLIS,SP 3730
PENEDO,AL 0670
PENHA,SC 1250
PESQUEIRA,PE 1090
PETROLINA,PE 1110
PETROPOLIS,RJ 0390
PICADA CAFE,RS 1442
PICOS,PI 0800
PIEN,PR 1910
PINDAMONHANGABA,SP 3800
PINDORETAMA,CE 1085
PINHAIS,PR 1915
PINHALZINHO,SC 1290
PIQUETE,SP 3850
PIRACAIA,SP 3860
PIRACICABA,SP 3870
PIRAJUBA,MG 5070
PIRAPORA DO BOM JESUS,SP 3910
PIRAPOZINHO,SP 3920
PIRAQUARA,PR 1950
PIRIPIRI,PI 0840
PITANGA,PR 1960
PITANGUEIRAS,SP 3950
PLANALTO,SP 3960
PLATINA,SP 3970
POA,SP 3980
POCOS DE CALDAS,MG 5180
POJUCA,BA 2520
POMERODE,SC 1320
POMPEIA,SP 4000
POMPEU,MG 5200
PONTA GROSSA,PR 1990
PONTA PORA,MS 0660
PONTAL,SP 4020
PONTE SERRADA,SC 1340
PORANGATU,GO 1800
PORECATU,PR 2000
PORTAO,RS 1480
PORTO ALEGRE,RS 1490
PORTO ALEGRE DO NORTE,MT 0677
PORTO BELO,SC 1350
PORTO FELIZ,SP 4060
PORTO FERREIRA,SP 4070
PORTO FRANCO,MA 0900
PORTO NACIONAL,TO 1820
PORTO REAL,RJ 0411
PORTO VELHO,RO 0020
POUSO ALEGRE,MG 5250
PRADOPOLIS,SP 4090
PRAIA GRANDE (SP),SP 4100
PRAIA GRANDE (SC),SC 1380
PRATA,MG 5280
PRESIDENTE DUTRA,MA 0910
PRESIDENTE EPITACIO,SP 4130
PRESIDENTE PRUDENTE,SP 4140
PRESIDENTE VENCESLAU,SP 4150
PRIMAVERA,PE 1140
PRIMAVERA DO LESTE,MT 0704
QUATRO BARRAS,PR 2080
QUATRO PONTES,PR 2085
QUEIMADAS,PB 1250
QUEIMADOS,RJ 0414
QUINTANA,SP 4200
QUIRINOPOLIS,GO 1850
QUIXADA,CE 1130
RAFARD,SP 4210
RANCHARIA,SP 4220
RECIFE,PE 1160
REGISTRO,SP 4260
RESENDE,RJ 0420
RESTINGA,SP 4270
RIBEIRAO,PE 1180
RIBEIRAO BONITO,SP 4290
RIBEIRAO CLARO,PR 2180
RIBEIRAO DAS NEVES,MG 5460
RIBEIRAO PIRES,SP 4330
RIBEIRAO PRETO,SP 4340
RINCAO,SP 4370
RIO BONITO,RJ 0430
RIO BRANCO,AC 0040
RIO BRILHANTE,MS 0720
RIO CLARO (SP),SP 4390
RIO CLARO (RJ),RJ 0440
RIO DAS PEDRAS,SP 4400
RIO DE JANEIRO,RJ 0455
RIO FORMOSO,PE 1190
RIO GRANDE,RS 1560
RIO GRANDE DA SERRA,SP 4410
RIO LARGO,AL 0770
RIO NEGRINHO,SC 1500
RIO NEGRO,PR 2230
RIO TINTO,PB 1290
RIO VERDE,GO 1880
ROCA SALES,RS 1580
ROLANDIA,PR 2240
ROLANTE,RS 1600
ROLIM DE MOURA,RO 0028
RONDON,PR 2260
RONDONOPOLIS,MT 0760
ROSARIO DO SUL,RS 1640
ROSEIRA,SP 4430
RUBIATABA,GO 1890
SABARA,MG 5670
SALESOPOLIS,SP 4500
SALTINHO,SP 4515
SALTO,SP 4520
SALTO DE PIRAPORA,SP 4530
SALVADOR,BA 2740
SANGAO,SC 1545
SANTA ALBERTINA,SP 4570
SANTA BARBARA D'OESTE,SP 4580
SANTA BRANCA,SP 4600
SANTA CRUZ CABRALIA,BA 2770
SANTA CRUZ DO CAPIBARIBE,PE 1250
SANTA CRUZ DO SUL,RS 1680
SANTA FE DO SUL,SP 4660
SANTA GERTRUDES,SP 4670
SANTA ISABEL,SP 4680
SANTA ISABEL DO PARA,PA 0650
SANTA LEOPOLDINA,ES 0450
SANTA LUZIA,MG 5780
SANTA MARIA,RS 1690
SANTA MARIANA,PR 2390
SANTA MONICA,PR 2395
SANTA RITA (PB),PB 1370
SANTA RITA (MA),MA 1020
SANTA ROSA,RS 1720
SANTA ROSA DE VITERBO,SP 4760
SANTA TEREZA DO OESTE,PR 2402
SANTA TEREZINHA,MT 0777
SANTA TEREZINHA DE ITAIPU,PR 2405
SANTANA DE PARNAIBA,SP 4730
SANTIAGO,RS 1740
SANTO AMARO,BA 2860
SANTO ANASTACIO,SP 4770
SANTO ANDRE,SP 4780
SANTO ANGELO,RS 1750
SANTO ANTONIO DA BARRA,GO 1971
SANTO ANTONIO DA PLATINA,PR 2410
SANTO ANTONIO DE JESUS,BA 2870
SANTO ANTONIO DE POSSE,SP 4800
SANTO ANTONIO DO PALMA,RS 1755
SANTOS,SP 4850
SAO BENTO DO SUL,SC 1580
SAO BERNARDO DO CAMPO,SP 4870
SAO BRAS DO SUACUI,MG 6090
SAO CAETANO DO SUL,SP 4880
SAO CARLOS,SP 4890
SAO CARLOS DO IVAI,PR 2460
SAO FRANCISCO DE PAULA,RS 1820
SAO GONCALO,RJ 0490
SAO GONCALO DOS CAMPOS,BA 2930
SAO GOTARDO,MG 6210
SAO JERONIMO,RS 1840
SAO JOAO BATISTA (MA),MA 1100
SAO JOAO BATISTA (SC),SC 1630
SAO JOAO DE MERITI,RJ 0510
SAO JOAO DEL REI,MG 6250
SAO JOAQUIM DA BARRA,SP 4940
SAO JOSE,SC 1660
SAO JOSE DA LAPA,MG 6295
SAO JOSE DE MIPIBU,RN 1220
SAO JOSE DO RIO PRETO,SP 4980
SAO JOSE DOS CAMPOS,SP 4990
SAO JOSE DOS PINHAIS,PR 2550
SAO LEOPOLDO,RS 1870
SAO LOURENCO,MG 6370
SAO LOURENCO DA MATA,PE 1370
SAO LOURENCO DA SERRA,SP 4995
SAO LUDGERO,SC 1700
SAO LUIS,MA 1130
SAO LUIZ GONZAGA,RS 1890
SAO MANUEL,SP 5010
SAO MARCOS,RS 1900
SAO MATEUS,ES 0490
SAO MIGUEL ARCANJO,SP 5020
SAO MIGUEL DE TAIPU,PB 1500
SAO MIGUEL DO IGUACU,PR 2570
SAO MIGUEL DOS CAMPOS,AL 0860
SAO PAULO,SP 5030
SAO PEDRO,SP 5040
SAO PEDRO DO IVAI,PR 2580
SAO RAIMUNDO DAS MANGABEIRAS,MA 1160
SAO ROQUE,SP 5060
SAO SEBASTIAO DO CAI,RS 1950
SAO SEBASTIAO DO PASSE,BA 2950
SAO SEPE,RS 1960
SAO SIMAO,GO 2040
SAO VICENTE,SP 5100
SAPE,PB 1530
SAPIRANGA,RS 1990
SAPUCAIA DO SUL,RS 2000
SAQUAREMA,RJ 0550
SARANDI (PR),PR 2625
SARANDI (RS),RS 2010
SARAPUI,SP 5110
SARZEDO,MG 6553
SCHROEDER,SC 1740
SENADOR CANEDO,GO 2045
SERAFINA CORREA,RS 2040
SERRA,ES 0500
SERRA DOS AIMORES,MG 6670
SERRANA,SP 5150
SERTANOPOLIS,PR 2650
SERTAOZINHO,SP 5170
SETE LAGOAS,MG 6720
SIDEROPOLIS,SC 1760
SIDROLANDIA,MS 0790
SIMOES FILHO,BA 3070
SINOP,MT 0790
SIRINHAEM,PE 1420
SOBRAL,CE 1290
SOCORRO,SP 5210
SOMBRIO,SC 1770
SONORA,MS 0793
SOROCABA,SP 5220
SORRISO,MT 0792
SOUSA,PB 1620
SUMARE,SP 5240
SUSSUAPARA,PI 1093
SUZANO,SP 5250
TABOAO DA SERRA,SP 5280
TAILANDIA,PA 0795
TAIO,SC 1780
TAMBAU,SP 5330
TANABI,SP 5340
TAPEJARA (PR),PR 2680
TAPEJARA (RS),RS 2090
TAQUARA,RS 2120
TAQUARAL,SP 5365
TAQUARI,RS 2130
TAQUARITINGA,SP 5370
TARUMA,SP 5395
TATUI,SP 5400
TAUBATE,SP 5410
TEIXEIRA DE FREITAS,BA 3135
TELEMACO BORBA,PR 2710
TEOFILO OTONI,MG 6860
TEOTONIO VILELA,AL 0915
TERESINA,PI 1100
TERESOPOLIS,RJ 0580
TERRA BOA,PR 2720
TERRA RICA,PR 2730
TERRA ROXA - PR,PR 2740
TERRA ROXA - SP,SP 5440
TEUTONIA,RS 2145
TIETE,SP 5450
TIJUCAS,SC 1800
TIMBO,SC 1820
TIMON,MA 1220
TOLEDO,PR 2770
TREMEMBE,SP 5480
TRES BARRAS,SC 1830
TRES CORACOES,MG 6930
TRES COROAS,RS 2170
TRES LAGOAS,MS 0830
TRES RIOS,RJ 0600
TREZE DE MAIO,SC 1840
TREZE TILIAS,SC 1850
TRINDADE,GO 2140
TRIUNFO,RS 2200
TRIZIDELA DO VALE,MA 1223
TROMBUDO CENTRAL,SC 1860
TUBARAO,SC 1870
TUPANDI,RS 2225
TURVELANDIA,GO 2155
TURVO,SC 1880
UBARANA,SP 5535
UBERABA,MG 7010
UBERLANDIA,MG 7020
UCHOA,SP 5560
ULIANOPOLIS,PA 0812
UMUARAMA,PR 2810
UNIAO,PI 1110
UNIAO DOS PALMARES,AL 0930
URUACU,GO 2160
URUGUAIANA,RS 2240
URUSSANGA,SC 1900
VACARIA,RS 2250
VALE REAL,RS 2254
VALINHOS,SP 5620
VALPARAISO,SP 5630
VARGEM GRANDE DO SUL,SP 5640
VARGEM GRANDE PAULISTA,SP 5645
VARGINHA,MG 7070
VARZEA GRANDE,MT 0840
VARZEA PAULISTA,SP 5650
VERA CRUZ,SP 5660
VERANOPOLIS,RS 2280
VESPASIANO,MG 7120
VIAMAO,RS 2300
VIANA,ES 0510
VICOSA,MG 7130
VIDEIRA,SC 1930
VILA RICA,MT 0860
VILA VELHA,ES 0520
VINHEDO,SP 5670
VIRGEM DA LAPA,MG 7160
VISCONDE DE RIO BRANCO,MG 7200
VITORIA,ES 0530
VITORIA DA CONQUISTA,BA 3330
VITORIA DE SANTO ANTAO,PE 1640
VOLTA GRANDE,MG 7210
VOLTA REDONDA,RJ 0630
VOTORANTIM,SP 5700
VOTUPORANGA,SP 5710
XANXERE,SC 1950
XAXIM,SC 1970
ESPIRITO SANTO DO PINHAL,SP 1518
MOGI GUA€U,SP 3070
SAO JOAO DA BOA VISTA,SP 4910
CANELA,RS 0440
